Category,Precision,Recall,F1-score
Sport,0.7407407407407407,0.8,0.7692307692307692
Politics,0.5769230769230769,0.8571428571428571,0.689655172413793
Culture,0.18181818181818182,0.0625,0.09302325581395349
